PDF Dossier,Expected Verdict,Baseline Status,Agent Status,Confidence,Fraud Risk,Agent Decision Summary
bid_01_pass.pdf,PASS,PASS,PASS,98%,LOW (0%),"Fully Compliant: All mandatory CPCL tender clauses (ISO validity, turnover, GSTIN, EMD) verified."
bid_02_pass.pdf,PASS,PASS,PASS,98%,LOW (0%),"Fully Compliant: All mandatory CPCL tender clauses (ISO validity, turnover, GSTIN, EMD) verified."
bid_03_pass.pdf,PASS,PASS,PASS,98%,LOW (0%),"Fully Compliant: All mandatory CPCL tender clauses (ISO validity, turnover, GSTIN, EMD) verified."
bid_04_pass.pdf,PASS,PASS,PASS,98%,LOW (0%),"Fully Compliant: All mandatory CPCL tender clauses (ISO validity, turnover, GSTIN, EMD) verified."
bid_05_pass.pdf,PASS,PASS,PASS,98%,LOW (0%),"Fully Compliant: All mandatory CPCL tender clauses (ISO validity, turnover, GSTIN, EMD) verified."
bid_06_fail_iso.pdf,FAIL,FAIL,FAIL,88%,MEDIUM (40%),Disqualified (1 non-compliant clauses): Quality & Safety Accreditation (ISO 9001:2015): EXPIRED: Certificate expired on 2025-06-30. Mandatory cutoff is 2026-12-31.
bid_07_fail_turnover.pdf,FAIL,FAIL,FAIL,88%,MEDIUM (40%),Disqualified (1 non-compliant clauses): Average Annual Financial Turnover: SHORTFALL: Audited turnover ₹2.1 Cr is below mandatory threshold ₹5.0 Cr by ₹2.9 Cr.
bid_08_fail_gstin.pdf,FAIL,FAIL,FAIL,96%,HIGH (45%),Disqualified (1 non-compliant clauses): Statutory GSTIN & Taxpayer Authentication: INVALID STATUTORY REGISTRATION: Malformed GSTIN structure 'INVALID_GST_FORMAT_9999'. Does not conform to statutory 15-char standard.
bid_09_fail_emd.pdf,FAIL,FAIL,FAIL,88%,MEDIUM (35%),"Disqualified (1 non-compliant clauses): Earnest Money Deposit (EMD): DEFICIT: EMD deposited ₹25,000 INR is less than mandatory ₹100,000 INR (Shortfall: ₹75,000 INR)."
bid_10_fail_multiple.pdf,FAIL,FAIL,FAIL,96%,HIGH (98%),"Disqualified (4 non-compliant clauses): Quality & Safety Accreditation (ISO 9001:2015): EXPIRED: Certificate expired on 2024-01-01. Mandatory cutoff is 2026-12-31.; Average Annual Financial Turnover: SHORTFALL: Audited turnover ₹1.5 Cr is below mandatory threshold ₹5.0 Cr by ₹3.5 Cr.; Statutory GSTIN & Taxpayer Authentication: INVALID STATUTORY REGISTRATION: Malformed GSTIN structure '0000_INVALID'. Does not conform to statutory 15-char standard.; Earnest Money Deposit (EMD): DEFICIT: EMD deposited ₹0 INR is less than mandatory ₹100,000 INR (Shortfall: ₹100,000 INR)."
bid_11_conditional_msme.pdf,CONDITIONAL,FAIL,CONDITIONAL,88%,MEDIUM (20%),"Referred to Tender Committee: Average Annual Financial Turnover (MSE Relief): Turnover ₹4.8 Cr is below ₹5.0 Cr threshold, but bidder holds valid Udyam Registration. Referred to Tender Committee under MSE Exemption Clause 4.5."
bid_12_conditional_iso_cutoff.pdf,CONDITIONAL,PASS,CONDITIONAL,88%,MEDIUM (20%),Referred to Tender Committee: Quality & Safety Accreditation (ISO 9001:2015): Certificate expires 2026-11-15 (within 60 days of 2026-12-31). Vendor submitted Annexure-C renewal undertaking.
cpcl_vendor_bid_technip.pdf,PASS,PASS,PASS,98%,LOW (0%),"Fully Compliant: All mandatory CPCL tender clauses (ISO validity, turnover, GSTIN, EMD) verified."
